SELECT table_name, table_rows  FROM INFORMATION_SCHEMA.TABLES WHERE TABLE_SCHEMA = 'trip_info';
use trip_info;
INSERT INTO booking (booking_id, trip_id, user_id, status) VALUES (1, 22, 2, 'ACTIVE');
INSERT INTO booking (booking_id, trip_id, user_id, status) VALUES (2, 27, 2, 'ACTIVE');
INSERT INTO booking (booking_id, trip_id, user_id, status) VALUES (3, 27, 2, 'ACTIVE');
INSERT INTO booking (booking_id, trip_id, user_id, status) VALUES (4, 19, 2, 'ACTIVE');
INSERT INTO booking (booking_id, trip_id, user_id, status) VALUES (5, 28, 2, 'ACTIVE');
INSERT INTO booking (booking_id, trip_id, user_id, status) VALUES (6, 33, 3, 'ACTIVE');
INSERT INTO booking (booking_id, trip_id, user_id, status) VALUES (7, 17, 3, 'ACTIVE');
INSERT INTO booking (booking_id, trip_id, user_id, status) VALUES (8, 30, 3, 'ACTIVE');
INSERT INTO booking (booking_id, trip_id, user_id, status) VALUES (9, 11, 3, 'ACTIVE');
INSERT INTO booking (booking_id, trip_id, user_id, status) VALUES (10, 20, 3, 'ACTIVE');
INSERT INTO booking (booking_id, trip_id, user_id, status) VALUES (11, 16, 3, 'ACTIVE');
INSERT INTO booking (booking_id, trip_id, user_id, status) VALUES (12, 23, 3, 'ACTIVE');
INSERT INTO booking (booking_id, trip_id, user_id, status) VALUES (13, 10, 4, 'ACTIVE');
INSERT INTO booking (booking_id, trip_id, user_id, status) VALUES (14, 20, 4, 'ACTIVE');
INSERT INTO booking (booking_id, trip_id, user_id, status) VALUES (15, 22, 4, 'ACTIVE');
INSERT INTO booking (booking_id, trip_id, user_id, status) VALUES (16, 28, 4, 'ACTIVE');
INSERT INTO booking (booking_id, trip_id, user_id, status) VALUES (17, 10, 5, 'ACTIVE');
INSERT INTO booking (booking_id, trip_id, user_id, status) VALUES (18, 19, 5, 'ACTIVE');
INSERT INTO booking (booking_id, trip_id, user_id, status) VALUES (19, 30, 5, 'ACTIVE');
INSERT INTO booking (booking_id, trip_id, user_id, status) VALUES (20, 18, 5, 'ACTIVE');
INSERT INTO booking (booking_id, trip_id, user_id, status) VALUES (21, 6, 6, 'ACTIVE');
INSERT INTO booking (booking_id, trip_id, user_id, status) VALUES (22, 28, 6, 'ACTIVE');
INSERT INTO booking (booking_id, trip_id, user_id, status) VALUES (23, 26, 6, 'ACTIVE');

INSERT INTO booking_group (booking_id, group_id) VALUES (1, 1);
INSERT INTO booking_group (booking_id, group_id) VALUES (2, 2);
INSERT INTO booking_group (booking_id, group_id) VALUES (3, 3);
INSERT INTO booking_group (booking_id, group_id) VALUES (4, 4);
INSERT INTO booking_group (booking_id, group_id) VALUES (5, 5);
INSERT INTO booking_group (booking_id, group_id) VALUES (6, 6);
INSERT INTO booking_group (booking_id, group_id) VALUES (7, 7);
INSERT INTO booking_group (booking_id, group_id) VALUES (8, 8);
INSERT INTO booking_group (booking_id, group_id) VALUES (9, 9);
INSERT INTO booking_group (booking_id, group_id) VALUES (10, 10);
INSERT INTO booking_group (booking_id, group_id) VALUES (11, 11);
INSERT INTO booking_group (booking_id, group_id) VALUES (12, 12);
INSERT INTO booking_group (booking_id, group_id) VALUES (13, 13);
INSERT INTO booking_group (booking_id, group_id) VALUES (14, 14);
INSERT INTO booking_group (booking_id, group_id) VALUES (15, 15);
INSERT INTO booking_group (booking_id, group_id) VALUES (16, 16);
INSERT INTO booking_group (booking_id, group_id) VALUES (17, 17);
INSERT INTO booking_group (booking_id, group_id) VALUES (18, 18);
INSERT INTO booking_group (booking_id, group_id) VALUES (19, 19);
INSERT INTO booking_group (booking_id, group_id) VALUES (20, 20);
INSERT INTO booking_group (booking_id, group_id) VALUES (21, 21);
INSERT INTO booking_group (booking_id, group_id) VALUES (22, 22);
INSERT INTO booking_group (booking_id, group_id) VALUES (23, 23);


INSERT INTO booking_package_relation (booking_id, package_id) VALUES (2, 4);
INSERT INTO booking_package_relation (booking_id, package_id) VALUES (2, 5);
INSERT INTO booking_package_relation (booking_id, package_id) VALUES (3, 2);
INSERT INTO booking_package_relation (booking_id, package_id) VALUES (3, 3);
INSERT INTO booking_package_relation (booking_id, package_id) VALUES (5, 1);
INSERT INTO booking_package_relation (booking_id, package_id) VALUES (5, 4);
INSERT INTO booking_package_relation (booking_id, package_id) VALUES (10, 1);
INSERT INTO booking_package_relation (booking_id, package_id) VALUES (10, 5);
INSERT INTO booking_package_relation (booking_id, package_id) VALUES (11, 3);
INSERT INTO booking_package_relation (booking_id, package_id) VALUES (11, 2);
INSERT INTO booking_package_relation (booking_id, package_id) VALUES (12, 4);
INSERT INTO booking_package_relation (booking_id, package_id) VALUES (13, 2);
INSERT INTO booking_package_relation (booking_id, package_id) VALUES (14, 1);
INSERT INTO booking_package_relation (booking_id, package_id) VALUES (14, 2);
INSERT INTO booking_package_relation (booking_id, package_id) VALUES (15, 2);
INSERT INTO booking_package_relation (booking_id, package_id) VALUES (16, 1);
INSERT INTO booking_package_relation (booking_id, package_id) VALUES (16, 4);
INSERT INTO booking_package_relation (booking_id, package_id) VALUES (18, 1);
INSERT INTO booking_package_relation (booking_id, package_id) VALUES (17, 2);
INSERT INTO booking_package_relation (booking_id, package_id) VALUES (17, 4);
INSERT INTO booking_package_relation (booking_id, package_id) VALUES (19, 1);
INSERT INTO booking_package_relation (booking_id, package_id) VALUES (21, 2);
INSERT INTO booking_package_relation (booking_id, package_id) VALUES (21, 3);
INSERT INTO booking_package_relation (booking_id, package_id) VALUES (23, 1);
INSERT INTO booking_package_relation (booking_id, package_id) VALUES (6, 2);
INSERT INTO booking_package_relation (booking_id, package_id) VALUES (6, 1);
INSERT INTO booking_package_relation (booking_id, package_id) VALUES (9, 2);
INSERT INTO booking_package_relation (booking_id, package_id) VALUES (9, 4);
INSERT INTO booking_package_relation (booking_id, package_id) VALUES (9, 5);
INSERT INTO booking_package_relation (booking_id, package_id) VALUES (8, 1);
INSERT INTO booking_package_relation (booking_id, package_id) VALUES (8, 3);
INSERT INTO booking_package_relation (booking_id, package_id) VALUES (8, 5);
INSERT INTO booking_package_relation (booking_id, package_id) VALUES (1, 1);
INSERT INTO booking_package_relation (booking_id, package_id) VALUES (1, 2);
INSERT INTO booking_package_relation (booking_id, package_id) VALUES (1, 3);
INSERT INTO booking_package_relation (booking_id, package_id) VALUES (4, 1);
INSERT INTO booking_package_relation (booking_id, package_id) VALUES (4, 2);
INSERT INTO booking_package_relation (booking_id, package_id) VALUES (4, 4);
INSERT INTO booking_package_relation (booking_id, package_id) VALUES (4, 5);


INSERT INTO booking_room_relation (booking_id, stateroom_id) VALUES (2, 19);
INSERT INTO booking_room_relation (booking_id, stateroom_id) VALUES (2, 25);
INSERT INTO booking_room_relation (booking_id, stateroom_id) VALUES (3, 4);
INSERT INTO booking_room_relation (booking_id, stateroom_id) VALUES (5, 15);
INSERT INTO booking_room_relation (booking_id, stateroom_id) VALUES (5, 22);
INSERT INTO booking_room_relation (booking_id, stateroom_id) VALUES (5, 23);
INSERT INTO booking_room_relation (booking_id, stateroom_id) VALUES (7, 16);
INSERT INTO booking_room_relation (booking_id, stateroom_id) VALUES (7, 15);
INSERT INTO booking_room_relation (booking_id, stateroom_id) VALUES (10, 10);
INSERT INTO booking_room_relation (booking_id, stateroom_id) VALUES (10, 5);
INSERT INTO booking_room_relation (booking_id, stateroom_id) VALUES (11, 14);
INSERT INTO booking_room_relation (booking_id, stateroom_id) VALUES (11, 17);
INSERT INTO booking_room_relation (booking_id, stateroom_id) VALUES (12, 13);
INSERT INTO booking_room_relation (booking_id, stateroom_id) VALUES (12, 14);
INSERT INTO booking_room_relation (booking_id, stateroom_id) VALUES (13, 26);
INSERT INTO booking_room_relation (booking_id, stateroom_id) VALUES (13, 19);
INSERT INTO booking_room_relation (booking_id, stateroom_id) VALUES (14, 26);
INSERT INTO booking_room_relation (booking_id, stateroom_id) VALUES (14, 21);
INSERT INTO booking_room_relation (booking_id, stateroom_id) VALUES (14, 7);
INSERT INTO booking_room_relation (booking_id, stateroom_id) VALUES (15, 13);
INSERT INTO booking_room_relation (booking_id, stateroom_id) VALUES (15, 19);
INSERT INTO booking_room_relation (booking_id, stateroom_id) VALUES (16, 21);
INSERT INTO booking_room_relation (booking_id, stateroom_id) VALUES (18, 19);
INSERT INTO booking_room_relation (booking_id, stateroom_id) VALUES (18, 20);
INSERT INTO booking_room_relation (booking_id, stateroom_id) VALUES (17, 12);
INSERT INTO booking_room_relation (booking_id, stateroom_id) VALUES (19, 5);
INSERT INTO booking_room_relation (booking_id, stateroom_id) VALUES (20, 18);
INSERT INTO booking_room_relation (booking_id, stateroom_id) VALUES (20, 19);
INSERT INTO booking_room_relation (booking_id, stateroom_id) VALUES (22, 14);
INSERT INTO booking_room_relation (booking_id, stateroom_id) VALUES (21, 27);
INSERT INTO booking_room_relation (booking_id, stateroom_id) VALUES (21, 26);
INSERT INTO booking_room_relation (booking_id, stateroom_id) VALUES (21, 28);
INSERT INTO booking_room_relation (booking_id, stateroom_id) VALUES (23, 28);
INSERT INTO booking_room_relation (booking_id, stateroom_id) VALUES (23, 5);
INSERT INTO booking_room_relation (booking_id, stateroom_id) VALUES (6, 5);
INSERT INTO booking_room_relation (booking_id, stateroom_id) VALUES (6, 6);
INSERT INTO booking_room_relation (booking_id, stateroom_id) VALUES (6, 12);
INSERT INTO booking_room_relation (booking_id, stateroom_id) VALUES (9, 25);
INSERT INTO booking_room_relation (booking_id, stateroom_id) VALUES (9, 26);
INSERT INTO booking_room_relation (booking_id, stateroom_id) VALUES (9, 27);
INSERT INTO booking_room_relation (booking_id, stateroom_id) VALUES (8, 7);
INSERT INTO booking_room_relation (booking_id, stateroom_id) VALUES (8, 21);
INSERT INTO booking_room_relation (booking_id, stateroom_id) VALUES (1, 7);
INSERT INTO booking_room_relation (booking_id, stateroom_id) VALUES (1, 18);
INSERT INTO booking_room_relation (booking_id, stateroom_id) VALUES (4, 4);
INSERT INTO booking_room_relation (booking_id, stateroom_id) VALUES (4, 13);


INSERT INTO passenger (dob, group_id, passenger_id, city, country, email, first_name, gender, last_name, phone, state, street) VALUES ('1990-11-30 16:00:00.000000', 2, 4, '', 'UK', 'Test', 'Test1', 'Other', 'Test3', 'TEst', '', '');
INSERT INTO passenger (dob, group_id, passenger_id, city, country, email, first_name, gender, last_name, phone, state, street) VALUES ('1990-11-30 16:00:00.000000', 2, 5, '', 'UK', 'Test', 'Test5', 'Male', 'Test3', 'TEst', '', '');
INSERT INTO passenger (dob, group_id, passenger_id, city, country, email, first_name, gender, last_name, phone, state, street) VALUES ('1996-11-30 16:00:00.000000', 2, 6, '', 'UK', 'Test', 'Tes', 'Male', 'Test3', 'TEst', '', '');
INSERT INTO passenger (dob, group_id, passenger_id, city, country, email, first_name, gender, last_name, phone, state, street) VALUES ('1990-11-30 16:00:00.000000', 3, 7, '', 'UK', 'Test', 'Test6', 'Male', 'Test2', 'TEst', '', '');
INSERT INTO passenger (dob, group_id, passenger_id, city, country, email, first_name, gender, last_name, phone, state, street) VALUES ('1990-11-30 16:00:00.000000', 3, 8, '', 'UK', 'Test', 'TestX', 'Female', 'Tes1', 'TEst', '', '');
INSERT INTO passenger (dob, group_id, passenger_id, city, country, email, first_name, gender, last_name, phone, state, street) VALUES ('2020-06-30 16:00:00.000000', 5, 12, '', 'KR', 'TEST', 'CC', 'Female', 'CA', 'TEST', '', '');
INSERT INTO passenger (dob, group_id, passenger_id, city, country, email, first_name, gender, last_name, phone, state, street) VALUES ('1980-01-31 16:00:00.000000', 5, 13, '', 'KR', 'TEST', 'XX', 'Female', 'CA', 'TEST', '', '');
INSERT INTO passenger (dob, group_id, passenger_id, city, country, email, first_name, gender, last_name, phone, state, street) VALUES ('1960-12-06 16:00:00.000000', 7, 15, '', 'LA', 'TEST', 'V1', 'Male', 'V1', 'TEST', '', '');
INSERT INTO passenger (dob, group_id, passenger_id, city, country, email, first_name, gender, last_name, phone, state, street) VALUES ('1964-05-31 16:00:00.000000', 7, 16, '', 'LA', 'TEST', 'V2', 'Male', 'V2', 'TEST', '', '');
INSERT INTO passenger (dob, group_id, passenger_id, city, country, email, first_name, gender, last_name, phone, state, street) VALUES ('1968-06-24 16:00:00.000000', 7, 17, '', 'LA', 'TEST', 'V2', 'Male', 'V2', 'TEST', '', '');
INSERT INTO passenger (dob, group_id, passenger_id, city, country, email, first_name, gender, last_name, phone, state, street) VALUES ('2000-12-06 16:00:00.000000', 10, 24, '', 'TEST', 'TEST', 'V9', 'Male', 'V9', 'TEST', '', '');
INSERT INTO passenger (dob, group_id, passenger_id, city, country, email, first_name, gender, last_name, phone, state, street) VALUES ('2001-01-31 16:00:00.000000', 10, 25, '', 'TEST', 'TEST', 'V10', 'Male', 'V10', 'TEST', '', '');
INSERT INTO passenger (dob, group_id, passenger_id, city, country, email, first_name, gender, last_name, phone, state, street) VALUES ('2001-02-01 16:00:00.000000', 10, 26, '', 'TEST', 'TEST', 'V11', 'Female', 'V11', 'TEST', '', '');
INSERT INTO passenger (dob, group_id, passenger_id, city, country, email, first_name, gender, last_name, phone, state, street) VALUES ('1987-12-06 16:00:00.000000', 11, 27, '', 'TEST', 'TEST', 'V11', 'Male', 'V11', 'TEST', '', '');
INSERT INTO passenger (dob, group_id, passenger_id, city, country, email, first_name, gender, last_name, phone, state, street) VALUES ('1987-12-06 16:00:00.000000', 11, 28, '', 'TEST', 'TEST', 'V12', 'Male', 'V12', 'TEST', '', '');
INSERT INTO passenger (dob, group_id, passenger_id, city, country, email, first_name, gender, last_name, phone, state, street) VALUES ('1999-12-06 16:00:00.000000', 11, 29, '', 'TEST', 'TEST', 'V12', 'Male', 'V12', 'TEST', '', '');
INSERT INTO passenger (dob, group_id, passenger_id, city, country, email, first_name, gender, last_name, phone, state, street) VALUES ('1941-12-06 16:00:00.000000', 12, 30, '', 'TEST', 'TEST', 'V14', 'Other', 'V14', 'TEST', '', '');
INSERT INTO passenger (dob, group_id, passenger_id, city, country, email, first_name, gender, last_name, phone, state, street) VALUES ('1956-12-06 16:00:00.000000', 12, 31, '', 'TEST', 'TEST', 'V15', 'Other', 'V15', 'TEST', '', '');
INSERT INTO passenger (dob, group_id, passenger_id, city, country, email, first_name, gender, last_name, phone, state, street) VALUES ('1990-12-06 16:00:00.000000', 13, 32, '', 'TEST', 'TEST', 'A1', 'Female', 'A1', 'TEST', '', '');
INSERT INTO passenger (dob, group_id, passenger_id, city, country, email, first_name, gender, last_name, phone, state, street) VALUES ('1980-12-06 16:00:00.000000', 14, 33, '', 'TEST', 'TEST', 'A2', 'Male', 'A2', 'TEST', '', '');
INSERT INTO passenger (dob, group_id, passenger_id, city, country, email, first_name, gender, last_name, phone, state, street) VALUES ('1980-12-06 16:00:00.000000', 14, 34, '', 'TEST', 'TEST', 'A3', 'Male', 'A3', 'TEST', '', '');
INSERT INTO passenger (dob, group_id, passenger_id, city, country, email, first_name, gender, last_name, phone, state, street) VALUES ('1983-11-30 16:00:00.000000', 14, 35, '', 'TEST', 'TEST', 'A4', 'Male', 'A4', 'TEST', '', '');
INSERT INTO passenger (dob, group_id, passenger_id, city, country, email, first_name, gender, last_name, phone, state, street) VALUES ('1990-05-31 15:00:00.000000', 15, 36, '', 'TEST', 'TEST', 'A4', 'Female', 'A4', 'TEST', '', '');
INSERT INTO passenger (dob, group_id, passenger_id, city, country, email, first_name, gender, last_name, phone, state, street) VALUES ('1987-06-22 15:00:00.000000', 15, 37, '', 'TEST', 'TEST', 'A5', 'Female', 'A4', 'TEST', '', '');
INSERT INTO passenger (dob, group_id, passenger_id, city, country, email, first_name, gender, last_name, phone, state, street) VALUES ('2021-12-06 16:00:00.000000', 16, 38, '', 'TEST', 'TEST', 'V6', 'Female', 'V6', 'TEST', '', '');
INSERT INTO passenger (dob, group_id, passenger_id, city, country, email, first_name, gender, last_name, phone, state, street) VALUES ('2009-12-31 16:00:00.000000', 16, 39, '', 'TEST', 'TEST', 'V7', 'Female', 'V7', 'TEST', '', '');
INSERT INTO passenger (dob, group_id, passenger_id, city, country, email, first_name, gender, last_name, phone, state, street) VALUES ('2002-12-31 16:00:00.000000', 16, 40, '', 'TEST', 'TEST', 'V8', 'Female', 'V8', 'TEST', '', '');
INSERT INTO passenger (dob, group_id, passenger_id, city, country, email, first_name, gender, last_name, phone, state, street) VALUES ('2001-12-06 16:00:00.000000', 18, 43, '', 'TEST', 'TEST', 'S3', 'Male', 'S3', 'TEST', '', '');
INSERT INTO passenger (dob, group_id, passenger_id, city, country, email, first_name, gender, last_name, phone, state, street) VALUES ('2000-12-31 16:00:00.000000', 18, 44, '', 'TEST', 'TEST', 'S4', 'Female', 'S4', 'TEST', '', '');
INSERT INTO passenger (dob, group_id, passenger_id, city, country, email, first_name, gender, last_name, phone, state, street) VALUES ('1990-12-06 16:00:00.000000', 17, 49, '', 'TEST', 'TEST', 'S1', 'Male', 'S1', 'TEST', '', '');
INSERT INTO passenger (dob, group_id, passenger_id, city, country, email, first_name, gender, last_name, phone, state, street) VALUES ('1991-12-31 16:00:00.000000', 17, 50, '', 'TEST', 'TEST', 'S2', 'Male', 'S2', 'TEST', '', '');
INSERT INTO passenger (dob, group_id, passenger_id, city, country, email, first_name, gender, last_name, phone, state, street) VALUES ('1971-12-06 16:00:00.000000', 19, 51, '', 'TEST', 'TEST', 'S4', 'Other', 'S4', 'TEST', '', '');
INSERT INTO passenger (dob, group_id, passenger_id, city, country, email, first_name, gender, last_name, phone, state, street) VALUES ('1951-12-06 16:00:00.000000', 20, 52, '', 'TEST', 'TEST', 'V7', 'Female', 'B7', 'TEST', '', '');
INSERT INTO passenger (dob, group_id, passenger_id, city, country, email, first_name, gender, last_name, phone, state, street) VALUES ('1954-05-31 16:00:00.000000', 20, 53, '', 'TEST', 'TEST', 'V8', 'Female', 'V8', 'TEST', '', '');
INSERT INTO passenger (dob, group_id, passenger_id, city, country, email, first_name, gender, last_name, phone, state, street) VALUES ('2011-12-06 16:00:00.000000', 22, 57, '', 'TEST', 'TEST', 'C4', 'Female', 'C4', 'TEST', '', '');
INSERT INTO passenger (dob, group_id, passenger_id, city, country, email, first_name, gender, last_name, phone, state, street) VALUES ('2003-01-31 16:00:00.000000', 22, 58, '', 'TEST', 'TEST', 'C5', 'Female', 'C5', 'TEST', '', '');
INSERT INTO passenger (dob, group_id, passenger_id, city, country, email, first_name, gender, last_name, phone, state, street) VALUES ('1976-12-06 16:00:00.000000', 21, 61, '', 'TEST', 'TEST', 'C1', 'Female', 'C1', 'TEST', '', '');
INSERT INTO passenger (dob, group_id, passenger_id, city, country, email, first_name, gender, last_name, phone, state, street) VALUES ('1976-12-06 16:00:00.000000', 21, 62, '', 'TEST', 'TEST', 'C2', 'Other', 'C2', 'TEST', '', '');
INSERT INTO passenger (dob, group_id, passenger_id, city, country, email, first_name, gender, last_name, phone, state, street) VALUES ('1975-01-31 16:00:00.000000', 21, 63, '', 'TEST', 'TEST', 'C3', 'Other', 'C3', 'TEST', '', '');
INSERT INTO passenger (dob, group_id, passenger_id, city, country, email, first_name, gender, last_name, phone, state, street) VALUES ('2022-12-06 16:00:00.000000', 23, 64, '', 'TEST', 'TEST', 'V7', 'Male', 'V7', 'TES', '', '');
INSERT INTO passenger (dob, group_id, passenger_id, city, country, email, first_name, gender, last_name, phone, state, street) VALUES ('2004-01-31 16:00:00.000000', 23, 65, '', 'TEST', 'TEST', 'V8', 'Male', 'V8', 'TES', '', '');
INSERT INTO passenger (dob, group_id, passenger_id, city, country, email, first_name, gender, last_name, phone, state, street) VALUES ('2010-12-06 16:00:00.000000', 23, 66, '', 'TEST', 'TEST', 'TEST', 'Female', 'tEST', 'tEST', '', '');
INSERT INTO passenger (dob, group_id, passenger_id, city, country, email, first_name, gender, last_name, phone, state, street) VALUES ('1960-11-30 16:00:00.000000', 6, 67, '', 'CA', 'TDS', 'T1', 'Female', 'T2', 'TEST', '', '');
INSERT INTO passenger (dob, group_id, passenger_id, city, country, email, first_name, gender, last_name, phone, state, street) VALUES ('1990-12-06 16:00:00.000000', 6, 68, '', 'TEST', 'TEST', 'T3', 'Female', 'T3', 'TEST', '', '');
INSERT INTO passenger (dob, group_id, passenger_id, city, country, email, first_name, gender, last_name, phone, state, street) VALUES ('1990-05-31 15:00:00.000000', 6, 69, '', 'TEST', 'TEST', 'T4', 'Male', 'T4', 'TEST', '', '');
INSERT INTO passenger (dob, group_id, passenger_id, city, country, email, first_name, gender, last_name, phone, state, street) VALUES ('1987-12-06 16:00:00.000000', 9, 73, '', 'LA', 'TEST', 'V7', 'Male', 'V7', 'TEST', '', '');
INSERT INTO passenger (dob, group_id, passenger_id, city, country, email, first_name, gender, last_name, phone, state, street) VALUES ('1990-11-30 16:00:00.000000', 9, 74, '', 'LA', 'TEST', 'V8', 'Male', 'V8', 'TEST', '', '');
INSERT INTO passenger (dob, group_id, passenger_id, city, country, email, first_name, gender, last_name, phone, state, street) VALUES ('1990-11-30 16:00:00.000000', 9, 75, '', 'LA', 'TEST', 'V9', 'Male', 'V9', 'TEST', '', '');
INSERT INTO passenger (dob, group_id, passenger_id, city, country, email, first_name, gender, last_name, phone, state, street) VALUES ('1977-12-06 16:00:00.000000', 8, 76, '', 'TX', 'TEST', 'V4', 'Male', 'V4', 'TEST', '', '');
INSERT INTO passenger (dob, group_id, passenger_id, city, country, email, first_name, gender, last_name, phone, state, street) VALUES ('1977-12-06 16:00:00.000000', 8, 77, '', 'TX', 'TEST', 'V5', 'Female', 'V5', 'TEST', 'TX', 'TX');
INSERT INTO passenger (dob, group_id, passenger_id, city, country, email, first_name, gender, last_name, phone, state, street) VALUES ('1990-11-30 16:00:00.000000', 8, 78, '', 'TX', 'TEST', 'V6', 'Female', 'V6', 'TEST', 'TX', 'TX');
INSERT INTO passenger (dob, group_id, passenger_id, city, country, email, first_name, gender, last_name, phone, state, street) VALUES ('2000-11-30 16:00:00.000000', 1, 79, '', 'USA', 'Test', 'Test1', 'Male', 'Test1', 'Test', '', '');
INSERT INTO passenger (dob, group_id, passenger_id, city, country, email, first_name, gender, last_name, phone, state, street) VALUES ('2000-11-30 16:00:00.000000', 1, 80, '', 'USA', 'Test', 'Test2', 'Female', 'Test2', 'Test', '', '');
INSERT INTO passenger (dob, group_id, passenger_id, city, country, email, first_name, gender, last_name, phone, state, street) VALUES ('2019-11-30 16:00:00.000000', 1, 81, '', 'USA', 'Test', 'Test3', 'Other', 'Test3', 'Test', '', '');
INSERT INTO passenger (dob, group_id, passenger_id, city, country, email, first_name, gender, last_name, phone, state, street) VALUES ('2023-11-07 16:00:00.000000', 4, 91, '', 'JP', 'Test', 'T4', 'Male', 'T6', 'Test', '', '');
INSERT INTO passenger (dob, group_id, passenger_id, city, country, email, first_name, gender, last_name, phone, state, street) VALUES ('1980-10-31 16:00:00.000000', 4, 92, '', 'JP', 'Test', 'T5', 'Male', 'T6', 'Test', '', '');
INSERT INTO passenger (dob, group_id, passenger_id, city, country, email, first_name, gender, last_name, phone, state, street) VALUES ('1980-10-31 16:00:00.000000', 4, 93, '', 'SP', 'Test', 'John', 'Female', 'T6', 'Test', '', '');


INSERT INTO invoice (status, booking_id, invoice_id, money, description, name) VALUES (0, 1, 1, 4472, 'The initial bill: 1rooms, 3 passengers, 2 packages', 'Basic Bill');
INSERT INTO invoice (status, booking_id, invoice_id, money, description, name) VALUES (0, 2, 2, 6564, 'The initial bill: 2rooms, 3 passengers, 2 packages', 'Basic Bill');
INSERT INTO invoice (status, booking_id, invoice_id, money, description, name) VALUES (0, 3, 3, 5700, 'The initial bill: 1rooms, 2 passengers, 2 packages', 'Basic Bill');
INSERT INTO invoice (status, booking_id, invoice_id, money, description, name) VALUES (0, 4, 4, 5359, 'The initial bill: 4rooms, 3 passengers, 2 packages', 'Basic Bill');
INSERT INTO invoice (status, booking_id, invoice_id, money, description, name) VALUES (0, 5, 5, 2238, 'The initial bill: 3rooms, 2 passengers, 2 packages', 'Basic Bill');
INSERT INTO invoice (status, booking_id, invoice_id, money, description, name) VALUES (0, 6, 6, 9918, 'The initial bill: 3rooms, 1 passengers, 2 packages', 'Basic Bill');
INSERT INTO invoice (status, booking_id, invoice_id, money, description, name) VALUES (0, 7, 7, 620, 'The initial bill: 2rooms, 3 passengers, 0 packages', 'Basic Bill');
INSERT INTO invoice (status, booking_id, invoice_id, money, description, name) VALUES (0, 8, 8, 1150, 'The initial bill: 2rooms, 3 passengers, 1 packages', 'Basic Bill');
INSERT INTO invoice (status, booking_id, invoice_id, money, description, name) VALUES (0, 9, 9, 2040, 'The initial bill: 4rooms, 3 passengers, 2 packages', 'Basic Bill');
INSERT INTO invoice (status, booking_id, invoice_id, money, description, name) VALUES (0, 10, 10, 5731, 'The initial bill: 2rooms, 3 passengers, 2 packages', 'Basic Bill');
INSERT INTO invoice (status, booking_id, invoice_id, money, description, name) VALUES (0, 11, 11, 5515, 'The initial bill: 2rooms, 3 passengers, 2 packages', 'Basic Bill');
INSERT INTO invoice (status, booking_id, invoice_id, money, description, name) VALUES (0, 12, 12, 1700, 'The initial bill: 2rooms, 2 passengers, 1 packages', 'Basic Bill');
INSERT INTO invoice (status, booking_id, invoice_id, money, description, name) VALUES (0, 13, 13, 435, 'The initial bill: 2rooms, 1 passengers, 1 packages', 'Basic Bill');
INSERT INTO invoice (status, booking_id, invoice_id, money, description, name) VALUES (0, 14, 14, 6747, 'The initial bill: 3rooms, 3 passengers, 2 packages', 'Basic Bill');
INSERT INTO invoice (status, booking_id, invoice_id, money, description, name) VALUES (0, 15, 15, 4725, 'The initial bill: 2rooms, 2 passengers, 1 packages', 'Basic Bill');
INSERT INTO invoice (status, booking_id, invoice_id, money, description, name) VALUES (0, 16, 16, 2940, 'The initial bill: 1rooms, 3 passengers, 2 packages', 'Basic Bill');
INSERT INTO invoice (status, booking_id, invoice_id, money, description, name) VALUES (0, 17, 17, 950, 'The initial bill: 2rooms, 2 passengers, 1 packages', 'Basic Bill');
INSERT INTO invoice (status, booking_id, invoice_id, money, description, name) VALUES (0, 18, 18, 1680, 'The initial bill: 2rooms, 2 passengers, 1 packages', 'Basic Bill');
INSERT INTO invoice (status, booking_id, invoice_id, money, description, name) VALUES (0, 17, 19, -105, 'Update bookings: 2rooms, 2 passengers, 1 packages', 'BookingUpdate');
INSERT INTO invoice (status, booking_id, invoice_id, money, description, name) VALUES (0, 17, 20, -45, 'Update bookings: 1rooms, 2 passengers, 1 packages', 'BookingUpdate');
INSERT INTO invoice (status, booking_id, invoice_id, money, description, name) VALUES (0, 17, 21, 480, 'Update bookings: 1rooms, 2 passengers, 2 packages', 'BookingUpdate');
INSERT INTO invoice (status, booking_id, invoice_id, money, description, name) VALUES (0, 19, 22, 2120, 'The initial bill: 1rooms, 1 passengers, 1 packages', 'Basic Bill');
INSERT INTO invoice (status, booking_id, invoice_id, money, description, name) VALUES (0, 20, 23, 400, 'The initial bill: 2rooms, 2 passengers, 0 packages', 'Basic Bill');
INSERT INTO invoice (status, booking_id, invoice_id, money, description, name) VALUES (0, 21, 24, 120, 'The initial bill: 3rooms, 3 passengers, 0 packages', 'Basic Bill');
INSERT INTO invoice (status, booking_id, invoice_id, money, description, name) VALUES (0, 22, 25, 360, 'The initial bill: 1rooms, 2 passengers, 0 packages', 'Basic Bill');
INSERT INTO invoice (status, booking_id, invoice_id, money, description, name) VALUES (0, 23, 26, 2616, 'The initial bill: 2rooms, 2 passengers, 1 packages', 'Basic Bill');
INSERT INTO invoice (status, booking_id, invoice_id, money, description, name) VALUES (0, 21, 27, 1410, 'Update bookings: 3rooms, 3 passengers, 2 packages', 'BookingUpdate');
INSERT INTO invoice (status, booking_id, invoice_id, money, description, name) VALUES (0, 23, 28, 1800, 'Update bookings: 2rooms, 3 passengers, 1 packages', 'BookingUpdate');
INSERT INTO invoice (status, booking_id, invoice_id, money, description, name) VALUES (0, 6, 29, 11040, 'Update bookings: 3rooms, 3 passengers, 2 packages', 'BookingUpdate');
INSERT INTO invoice (status, booking_id, invoice_id, money, description, name) VALUES (0, 8, 30, 5160, 'Update bookings: 2rooms, 3 passengers, 2 packages', 'BookingUpdate');
INSERT INTO invoice (status, booking_id, invoice_id, money, description, name) VALUES (0, 9, 31, 635, 'Update bookings: 3rooms, 3 passengers, 3 packages', 'BookingUpdate');
INSERT INTO invoice (status, booking_id, invoice_id, money, description, name) VALUES (0, 8, 32, 7740, 'Update bookings: 2rooms, 3 passengers, 3 packages', 'BookingUpdate');
INSERT INTO invoice (status, booking_id, invoice_id, money, description, name) VALUES (0, 1, 33, 3086, 'Update bookings: 2rooms, 3 passengers, 3 packages', 'BookingUpdate');
INSERT INTO invoice (status, booking_id, invoice_id, money, description, name) VALUES (0, 4, 34, -150, 'Update bookings: 3rooms, 3 passengers, 2 packages', 'BookingUpdate');
INSERT INTO invoice (status, booking_id, invoice_id, money, description, name) VALUES (0, 4, 35, -150, 'Update bookings: 2rooms, 3 passengers, 2 packages', 'BookingUpdate');
INSERT INTO invoice (status, booking_id, invoice_id, money, description, name) VALUES (0, 4, 36, 1920, 'Update bookings: 2rooms, 3 passengers, 3 packages', 'BookingUpdate');
INSERT INTO invoice (status, booking_id, invoice_id, money, description, name) VALUES (0, 4, 37, 500, 'Update bookings: 2rooms, 3 passengers, 4 packages', 'BookingUpdate');


INSERT INTO payment (booking_id, invoice_id, payment_amount, payment_date, payment_id, payment_method) VALUES (1, 1, 4472, '2024-12-06 21:02:13.751000', 1, 'VISA');
INSERT INTO payment (booking_id, invoice_id, payment_amount, payment_date, payment_id, payment_method) VALUES (3, 3, 5700, '2024-12-06 21:05:20.713000', 2, 'VISA');
INSERT INTO payment (booking_id, invoice_id, payment_amount, payment_date, payment_id, payment_method) VALUES (2, 2, 6564, '2024-12-06 21:05:34.655000', 3, 'Paypal');
INSERT INTO payment (booking_id, invoice_id, payment_amount, payment_date, payment_id, payment_method) VALUES (4, 4, 5359, '2024-12-06 21:07:38.681000', 4, 'CAB');
INSERT INTO payment (booking_id, invoice_id, payment_amount, payment_date, payment_id, payment_method) VALUES (6, 6, 9918, '2024-12-06 21:09:57.784000', 5, 'CAB');
INSERT INTO payment (booking_id, invoice_id, payment_amount, payment_date, payment_id, payment_method) VALUES (9, 9, 2040, '2024-12-06 21:13:03.746000', 6, 'VISA');
INSERT INTO payment (booking_id, invoice_id, payment_amount, payment_date, payment_id, payment_method) VALUES (8, 8, 1150, '2024-12-06 21:13:06.476000', 7, 'VISA');
INSERT INTO payment (booking_id, invoice_id, payment_amount, payment_date, payment_id, payment_method) VALUES (7, 7, 620, '2024-12-06 21:13:09.373000', 8, 'VISA');
INSERT INTO payment (booking_id, invoice_id, payment_amount, payment_date, payment_id, payment_method) VALUES (10, 10, 5731, '2024-12-06 21:14:22.821000', 9, 'VISA');
INSERT INTO payment (booking_id, invoice_id, payment_amount, payment_date, payment_id, payment_method) VALUES (14, 14, 6747, '2024-12-06 21:20:32.201000', 10, 'VS');
INSERT INTO payment (booking_id, invoice_id, payment_amount, payment_date, payment_id, payment_method) VALUES (16, 16, 2940, '2024-12-06 21:20:34.461000', 11, 'VS');
INSERT INTO payment (booking_id, invoice_id, payment_amount, payment_date, payment_id, payment_method) VALUES (18, 18, 1680, '2024-12-06 21:22:59.324000', 12, 'VS');
INSERT INTO payment (booking_id, invoice_id, payment_amount, payment_date, payment_id, payment_method) VALUES (17, 17, 950, '2024-12-06 21:23:01.898000', 13, 'VS');
INSERT INTO payment (booking_id, invoice_id, payment_amount, payment_date, payment_id, payment_method) VALUES (17, 19, -105, '2024-12-06 21:23:22.105000', 14, 'Refund');
INSERT INTO payment (booking_id, invoice_id, payment_amount, payment_date, payment_id, payment_method) VALUES (17, 20, -45, '2024-12-06 21:23:33.182000', 15, 'Refund');
INSERT INTO payment (booking_id, invoice_id, payment_amount, payment_date, payment_id, payment_method) VALUES (17, 21, 480, '2024-12-06 21:23:45.956000', 16, 'VS');
INSERT INTO payment (booking_id, invoice_id, payment_amount, payment_date, payment_id, payment_method) VALUES (22, 25, 360, '2024-12-06 21:26:42.662000', 17, 'VS');
INSERT INTO payment (booking_id, invoice_id, payment_amount, payment_date, payment_id, payment_method) VALUES (21, 24, 120, '2024-12-06 21:26:45.219000', 18, 'VS');
INSERT INTO payment (booking_id, invoice_id, payment_amount, payment_date, payment_id, payment_method) VALUES (23, 26, 2616, '2024-12-06 21:27:49.188000', 19, 'VS');
INSERT INTO payment (booking_id, invoice_id, payment_amount, payment_date, payment_id, payment_method) VALUES (21, 27, 1410, '2024-12-06 21:28:27.404000', 20, 'VS');
INSERT INTO payment (booking_id, invoice_id, payment_amount, payment_date, payment_id, payment_method) VALUES (6, 29, 11040, '2024-12-06 21:29:55.555000', 21, 'VDS');
INSERT INTO payment (booking_id, invoice_id, payment_amount, payment_date, payment_id, payment_method) VALUES (12, 12, 1700, '2024-12-06 21:30:10.048000', 22, 'VS');
INSERT INTO payment (booking_id, invoice_id, payment_amount, payment_date, payment_id, payment_method) VALUES (9, 31, 635, '2024-12-06 21:30:48.785000', 23, 'VS');
INSERT INTO payment (booking_id, invoice_id, payment_amount, payment_date, payment_id, payment_method) VALUES (11, 11, 5515, '2024-12-06 21:30:50.736000', 24, 'VS');
INSERT INTO payment (booking_id, invoice_id, payment_amount, payment_date, payment_id, payment_method) VALUES (8, 30, 5160, '2024-12-06 21:30:53.108000', 25, 'VS');
INSERT INTO payment (booking_id, invoice_id, payment_amount, payment_date, payment_id, payment_method) VALUES (1, 33, 3086, '2024-12-06 21:32:01.121000', 26, 'VS');
INSERT INTO payment (booking_id, invoice_id, payment_amount, payment_date, payment_id, payment_method) VALUES (4, 34, -150, '2024-12-06 21:32:10.281000', 27, 'Refund');
INSERT INTO payment (booking_id, invoice_id, payment_amount, payment_date, payment_id, payment_method) VALUES (4, 35, -150, '2024-12-06 21:32:13.485000', 28, 'Refund');
INSERT INTO payment (booking_id, invoice_id, payment_amount, payment_date, payment_id, payment_method) VALUES (4, 36, 1920, '2024-12-06 21:32:31.787000', 29, 'VS');
INSERT INTO payment (booking_id, invoice_id, payment_amount, payment_date, payment_id, payment_method) VALUES (5, 5, 2238, '2024-12-06 21:32:34.027000', 30, 'VS');
